{
    "shell_inter": {
        "ratio_cw": 5.3409913639407325,
        "ratio_c": 3.541966236933803,
        "ratio_w": 3.0
    },
    "shell_simple": {
        "ratio_cw": 5.341068610374342,
        "ratio_c": 3.541964292130263,
        "ratio_w": 3.0
    },
    "core_type": {
        "ratio_cw": 1.705581587934309,
        "ratio_c": 3.1919608566097453,
        "ratio_w": 3.0
    },
    "three_phase": {
        "ratio_cw": 1.7667387939050556,
        "ratio_c": 3.1467500943931106,
        "ratio_w": 3.0
    }
}