{
    "sin": {
        "1p": {
            "P_trf": 10000.0,
            "S_trf": 10000.0,
            "V_rms": 600.0,
            "I_rms": 16.666666666666668,
            "igse_flux": 1.0000000019740756,
            "igse_loss": 0.9999999965876807,
            "harm_freq": 1.000000000000632
        },
        "3p_wye": {
            "P_trf": 10000.0,
            "S_trf": 10000.0,
            "V_rms": 282.842712474619,
            "I_rms": 11.785113019775793,
            "igse_flux": 1.000000001974076,
            "igse_loss": 0.9999999965876747,
            "harm_freq": 1.000000000000632
        },
        "3p_delta": {
            "P_trf": 10000.0,
            "S_trf": 9999.999999999998,
            "V_rms": 489.8979485566356,
            "I_rms": 6.804138174397717,
            "igse_flux": 1.0000000019740765,
            "igse_loss": 0.9999999965876787,
            "harm_freq": 1.0000000000006308
        }
    },
    "dab": {
        "1p": {
            "P_trf": 10000.0,
            "S_trf": 11313.70842613331,
            "V_rms": 599.9999995199615,
            "I_rms": 18.856180725308334,
            "igse_flux": 1.1106318862238713,
            "igse_loss": 0.8684650841154881,
            "harm_freq": 1.6536610567476542
        },
        "3p_wye": {
            "P_trf": 10000.0,
            "S_trf": 10942.024034422873,
            "V_rms": 282.842712474619,
            "I_rms": 12.895298991077663,
            "igse_flux": 1.0471347264768331,
            "igse_loss": 0.9346304377742276,
            "harm_freq": 1.4102486440504773
        },
        "3p_delta": {
            "P_trf": 10000.0,
            "S_trf": 10942.024034422871,
            "V_rms": 489.8979485566356,
            "I_rms": 7.4451043437793984,
            "igse_flux": 0.9068996904718268,
            "igse_loss": 1.1634683865658482,
            "harm_freq": 1.4102468804780295
        }
    },
    "src": {
        "1p": {
            "P_trf": 10000.0,
            "S_trf": 11107.207329200603,
            "V_rms": 599.9999995199615,
            "I_rms": 18.512012230145135,
            "igse_flux": 1.1106318862238713,
            "igse_loss": 0.8684650841154881,
            "harm_freq": 1.000000000000631
        },
        "3p_wye": {
            "P_trf": 10000.0,
            "S_trf": 10471.975505075143,
            "V_rms": 282.842712474619,
            "I_rms": 12.341341486763424,
            "igse_flux": 1.0471347264768331,
            "igse_loss": 0.9346304377742276,
            "harm_freq": 1.0000000000006317
        },
        "3p_delta": {
            "P_trf": 10000.0,
            "S_trf": 10471.975525747646,
            "V_rms": 489.8979485566356,
            "I_rms": 7.125276843609816,
            "igse_flux": 0.9068996904718268,
            "igse_loss": 1.1634683865658482,
            "harm_freq": 1.0000000000006317
        }
    }
}