{
    "k_stm": 0.038975591040308004,
    "alpha_stm": 1.7214710439971983,
    "beta_stm": 2.4608484041183942
}